题号,题目,题型,选项,人数,扇区占比,占作答人数（9人）比例
Q1,你的学校类型,单选,普通高中,5,55.6%,55.6%
Q1,你的学校类型,单选,其他,4,44.4%,44.4%
Q2,年级,单选,高一,2,22.2%,22.2%
Q2,年级,单选,高二,1,11.1%,11.1%
Q2,年级,单选,高三,2,22.2%,22.2%
Q2,年级,单选,其他,4,44.4%,44.4%
Q3,过去一年，有没有人让你读英文外刊（比如经济学人、纽约时报的文章）？,单选,有，老师布置的,2,22.2%,22.2%
Q3,过去一年，有没有人让你读英文外刊（比如经济学人、纽约时报的文章）？,单选,有，我自己读,3,33.3%,33.3%
Q3,过去一年，有没有人让你读英文外刊（比如经济学人、纽约时报的文章）？,单选,没有,4,44.4%,44.4%
Q4,读英文外刊时，你最常卡在哪里？,多选,生词太多,4,18.2%,44.4%
Q4,读英文外刊时，你最常卡在哪里？,多选,长句子读不懂,5,22.7%,55.6%
Q4,读英文外刊时，你最常卡在哪里？,多选,段落意思抓不住,3,13.6%,33.3%
Q4,读英文外刊时，你最常卡在哪里？,多选,看不出作者的观点,2,9.1%,22.2%
Q4,读英文外刊时，你最常卡在哪里？,多选,背景知识不熟,6,27.3%,66.7%
Q4,读英文外刊时，你最常卡在哪里？,多选,没读过,2,9.1%,22.2%
Q5,遇到读不懂的句子，你通常怎么办？,多选,查词典,5,29.4%,55.6%
Q5,遇到读不懂的句子，你通常怎么办？,多选,整句放进翻译软件,5,29.4%,55.6%
Q5,遇到读不懂的句子，你通常怎么办？,多选,问 AI,6,35.3%,66.7%
Q5,遇到读不懂的句子，你通常怎么办？,多选,跳过去,1,5.9%,11.1%
Q7,做完知适回来后回答：在精读里，你打开了那一句的「读懂梯子」吗？,单选,没打开，自己就懂了,4,44.4%,44.4%
Q7,做完知适回来后回答：在精读里，你打开了那一句的「读懂梯子」吗？,单选,开到第 1 步,2,22.2%,22.2%
Q7,做完知适回来后回答：在精读里，你打开了那一句的「读懂梯子」吗？,单选,开到第 2 步,2,22.2%,22.2%
Q7,做完知适回来后回答：在精读里，你打开了那一句的「读懂梯子」吗？,单选,没找到那一句,1,11.1%,11.1%
Q9,哪一步对你最有用？,单选,粗读时点生词,4,44.4%,44.4%
Q9,哪一步对你最有用？,单选,学生词「先猜后看」,3,33.3%,33.3%
Q9,哪一步对你最有用？,单选,精读的「读懂梯子」,1,11.1%,11.1%
Q9,哪一步对你最有用？,单选,「给你」便签,1,11.1%,11.1%
Q10,哪一步最麻烦、最想跳过？,单选,学生词,1,11.1%,11.1%
Q10,哪一步最麻烦、最想跳过？,单选,精读,4,44.4%,44.4%
Q10,哪一步最麻烦、最想跳过？,单选,写作,3,33.3%,33.3%
Q10,哪一步最麻烦、最想跳过？,单选,都还好,1,11.1%,11.1%
Q11,里面的英文题目，对你来说难不难？,单选,太难,1,11.1%,11.1%
Q11,里面的英文题目，对你来说难不难？,单选,有点难,5,55.6%,55.6%
Q11,里面的英文题目，对你来说难不难？,单选,刚好,3,33.3%,33.3%
Q12,如果老师布置外刊作业，你愿意用知适来做吗？,评分,1 分,1,11.1%,11.1%
Q12,如果老师布置外刊作业，你愿意用知适来做吗？,评分,3 分,6,66.7%,66.7%
Q12,如果老师布置外刊作业，你愿意用知适来做吗？,评分,5 分,2,22.2%,22.2%
