序号,单词,原文句子,中文释义（原有，已人工校对）,词性（AI 起草）,英文释义（AI 起草）,猜意思题干（AI 起草）,选项 1,选项 2,正确答案,复核时改过什么,GPT 核查：有没有问题,GPT 建议改成
1,legislator,"A dozen countries, including Britain and Spain, are now toying with the idea; so are legislators in many American states.",立法委员,（老师讲义已有）,（老师讲义已有）：a person who writes and passes laws,What does “legislators” most likely mean here?,立法委员,执法人员,第 1 个：立法委员,S04 原文是 legislators，prompt 无误；但「立法委员」4 字对「律师」2 字，正确项是干扰项的 2 倍长，超过 review-sheet 的 1.6 倍阈值，会被标成“正确项明显更长、可能被猜出来”。干扰项改成同样 4 字、同样和“法”有关的「执法人员」：看起来像（都和法律有关），但句中和 countries 并列、在考虑要不要出台禁令的只能是立法者，执法的人员不做这个决定，所以明显不对。答案仍是 0。,,
2,ban,"But one thing brings them together, whatever their politics: the idea that, because social media harm children and teenagers, they should be banned from using them.",禁止,v.,to officially say that sb must not do or use sth,What does “banned” most likely mean here?,禁止,允许,第 1 个：禁止,,,
3,bring together,"But one thing brings them together, whatever their politics: the idea that, because social media harm children and teenagers, they should be banned from using them.",使团结起来,phr.,to make people unite or agree with each other,What does “brings them together” most likely mean here?,把他们带到一处,使他们团结起来,第 2 个：使他们团结起来,prompt 和 S02 原文一致。问题在干扰项：「把他们带到一起」在中文里常被当比喻用（如“音乐把我们带到了一起”就是使团结），学生选它也可以说读懂了，算不上明显错误。改成「把他们带到一处」，强调是身体被带到同一个地方，保留了 bring＝带 的字面联想，但在“观点不同的人因为一个想法而一致”的语境里明显不对。两项都是 7 字，正确项仍在 1。,,
4,kick off,"More than 70% of Britons support kicking under-16s off such sites, as do two-thirds of Americans.",把某人从……赶走（这里指不让 16 岁以下的孩子使用这些网站）,phr.,to force sb to leave or stop using sth,What does “kicking under-16s off” most likely mean here?,把某人赶走,开始做某事,第 1 个：把某人赶走,草稿的「kicking … off」不是 S05 里原样出现的文字，不符合“prompt 用首句原文写法”的要求；只写 kicking 又会让学生以为在问“踢”。改为原句里连续出现的「kicking under-16s off」，这和已人工审过的 deprive 题（deprive children of the benefits）做法一样，能让学生看到被拆开的 kick … off。选项都是 5 字，「开始做某事」看起来像（kick off＝开始），但放进 support kicking under-16s off such sites 里说不通，明显错；答案仍为 0。建议把 forms 改成 kicking under-16s off，让句中加粗的范围和 prompt 一致（这条需要另行修改数据，不在本题范围内）。,,
5,do more harm than good,"The problem is, bans will do more harm than good.",弊大于利,phr.,to cause more bad effects than good ones,What does “do more harm than good” most likely mean here?,利大于弊,弊大于利,第 2 个：弊大于利,,,
6,proposal,The proposals arise from an understandable desire to keep youngsters safe and healthy.,提议,n.,a plan or idea that sb suggests,What does “proposals” most likely mean here?,提议,求婚,第 1 个：提议,,,
7,arise from,The proposals arise from an understandable desire to keep youngsters safe and healthy.,源于，由……引起,phr.,to happen or start because of sth,What does “arise from” most likely mean here?,由……引起,从……升起,第 1 个：由……引起,,,
8,understandable,The proposals arise from an understandable desire to keep youngsters safe and healthy.,可以理解的,adj.,seeming natural and reasonable in the situation,What does “understandable” most likely mean here?,无法理解的,可以理解的,第 2 个：可以理解的,,,
9,youngster,The proposals arise from an understandable desire to keep youngsters safe and healthy.,青少年，年轻人,n.,a young person or child,What does “youngsters” most likely mean here?,青少年,年轻明星,第 1 个：青少年,,,
10,trick into,"Parents have been shaken by tragedies in which social media have played a role, of children being tricked into sharing explicit pictures of themselves, or taking their own lives after algorithms shovelled them content about self-harm.",诱骗（做某事）,phr.,to make sb do sth by fooling them,What does “tricked into” most likely mean here?,被教会窍门,被诱骗去做,第 2 个：被诱骗去做,,,
11,take one's own life,"Parents have been shaken by tragedies in which social media have played a role, of children being tricked into sharing explicit pictures of themselves, or taking their own lives after algorithms shovelled them content about self-harm.",自杀,phr.,to kill oneself,What does “taking their own lives” most likely mean here?,结束自己的生命,掌控自己的生活,第 1 个：结束自己的生命,,,
12,reserved,"Along with those shocking cases comes a second, more general worry: that social media might be damaging children as a group, making them reserved, lonely and anxious.",内向的，缄默的,adj.,quiet and not willing to show feelings or opinions,（已有，队友 2 校对过）,,,,,,
13,meme,Even parents who are confident they can keep their children from serious harm fret that their offspring are wasting hours scrolling through mindless memes.,表情包；网络梗,n.,"a funny picture, video or saying shared widely online",What does “memes” most likely mean here?,表情包、梗图,回忆、记忆,第 1 个：表情包、梗图,,,
14,scroll through,Even parents who are confident they can keep their children from serious harm fret that their offspring are wasting hours scrolling through mindless memes.,滑动浏览（屏幕上的内容）；刷（帖子、表情包等）,phr.,to move quickly through content on a screen,What does “scrolling through” most likely mean here?,翻阅卷轴,滑动浏览,第 2 个：滑动浏览,,,
15,seize on,"Blanket bans appear to offer an easy answer — and politicians are only too happy to seize on a measure that, for once, pleases voters from all parties.",抓住并利用（机会等）,phr.,to quickly use an idea or chance to your advantage,What does “seize on” most likely mean here?,抓住并利用,没收、扣押,第 1 个：抓住并利用,,,
16,policymaker,Yet policymakers should reconsider.,政策制定者,n.,a person who decides what a government should do,What does “policymakers” most likely mean here?,警务人员,政策制定者,第 2 个：政策制定者,,,
17,reconsider,Yet policymakers should reconsider.,重新考虑,v.,"to think again about sth, and perhaps change it",What does “reconsider” most likely mean here?,重新考虑,坚持到底,第 1 个：重新考虑,,,
18,far from,The question of whether social media are causing mass harm is far from settled.,远非；完全不,phr.,not at all; certainly not,What does “far from” most likely mean here?,非常、大大地,远非、完全不,第 2 个：远非、完全不,干扰项「离……很远」有实质问题：代进句子就是“这个问题离有定论还很远”，正好是 far from settled 的正确意思，中文译本也常这样译，学生选它其实读懂了却被判错。改成「非常、大大地」，来自学生熟悉的 far 加强语气的用法（far better＝好得多），看起来像；但代进去是“问题已大大有定论”，和下文 only limited evidence 及上句 should reconsider 矛盾，所以明显错，也不荒唐。两项都是 6 字，正确项仍在 1，与 zh「远非；完全不」一致。,,
19,settled,The question of whether social media are causing mass harm is far from settled.,有定论的；解决的,adj.,"decided or agreed, with no more doubt or argument",（已有，队友 2 校对过）,,,,,,
20,growing,Growing evidence suggests they are bad for at least some children.,越来越多的,adj.,"increasing in amount, size or strength",What does “Growing” most likely mean here?,越来越多的,正在长大的,第 1 个：越来越多的,prompt 保留原文大写的 Growing，和 S15 一致，没问题。干扰项「正在成长的」中的“成长”也能指事物发展（如“经济成长”），学生可以辩称“证据在成长＝在增长”，存在也算对的风险。改成「正在长大的」，只能说人或生物长大，又贴合文章讲孩子的主题，看起来像，但“正在长大的证据”明显错。两项都是 5 字，正确项仍在 0，与 zh 一致。,,
21,suggest,Growing evidence suggests they are bad for at least some children.,表明；显示,v.,to show that sth is probably true,（已有，队友 2 校对过）,,,,,,
22,mental health,But the claim that social media cause great damage to the mental health of young people as a whole has only limited evidence.,心理健康,n.,the condition of sb's mind and feelings,What does “mental health” most likely mean here?,心理健康,智力水平,第 1 个：心理健康,,,
23,as a whole,But the claim that social media cause great damage to the mental health of young people as a whole has only limited evidence.,整体上；作为一个整体,phr.,"considered as one group, not as separate parts",What does “as a whole”most likely mean here?,完好无损地,作为一个整体,第 2 个：作为一个整体,,,
24,precaution,"And even if you wanted to ban social media as a precaution pending conclusive findings, such measures threaten to be counterproductive.",预防措施,n.,sth done in advance to stop sth bad happening,What does “precaution” most likely mean here?,预防措施,提前警告,第 1 个：预防措施,,,
25,conclusive,"And even if you wanted to ban social media as a precaution pending conclusive findings, such measures threaten to be counterproductive.",确凿的；不容置疑的,adj.,"proving sth, so that there is no doubt",What does “conclusive” most likely mean here?,尚无定论的,确凿无疑的,第 2 个：确凿无疑的,原干扰项“总结性的”和正确义太近：学生把 pending conclusive findings 理解成“等待总结性的研究结论”，整句其实读对了，选它却被判错，会觉得不服，算“也说得通”。现改为“尚无定论的”：里面有“定论”，看上去和 conclu-/conclusion 有关，有迷惑性；但前文 S16 说证据有限，“作为预防先禁止、等待____的结果”只能是等确凿的结果，等“尚无定论的”结果讲不通，可以明确排除。两项都是 5 个字，正确项仍在 index 1，与 zh“确凿的；不容置疑的”一致。,,
26,threaten to do sth,"And even if you wanted to ban social media as a precaution pending conclusive findings, such measures threaten to be counterproductive.",有……的危险；可能带来（不好的结果）,phr.,to seem likely to cause sth bad,（已有，队友 2 校对过）,,,,,,
27,ingenious,"One problem is that enforcing bans is hard; teenagers in Australia are finding ingenious ways to get round them, by scrunching up their faces to look older.",巧妙的,（老师讲义已有）,（老师讲义已有）：clever and inventive,What does “ingenious” most likely mean here?,巧妙的,天真的,第 1 个：巧妙的,,,
28,draconian,"Australia has not banned young teenagers from messaging apps such as WhatsApp, or from multiplayer online games, because that would have seemed too draconian; scourges such as cyberbullying will doubtless continue on these.",严厉的,（老师讲义已有）,（老师讲义已有）：extremely harsh and severe,What does “draconian” most likely mean here?,严厉的,宽松的,第 1 个：严厉的,,,
29,cyberbully,"Australia has not banned young teenagers from messaging apps such as WhatsApp, or from multiplayer online games, because that would have seemed too draconian; scourges such as cyberbullying will doubtless continue on these.",网络霸凌,（老师讲义已有）,（老师讲义已有）：to use the internet to hurt or frighten someone,What does “cyberbullying” most likely mean here?,网络诈骗,网络霸凌,第 2 个：网络霸凌,,,
30,obscure,"Kids barred from mainstream sites could flock to obscure ones, and fall victim to predators there.",不知名的,adj.,not well known to many people,What does “obscure” most likely mean here?,不知名的,模糊不清的,第 1 个：不知名的,,,
31,flock to,"Kids barred from mainstream sites could flock to obscure ones, and fall victim to predators there.",涌向,phr.,to go to a place in large numbers,What does “flock to”most likely mean here?,纷纷避开,纷纷涌向,第 2 个：纷纷涌向,原干扰项“偶尔光顾”放进句子“被挡在主流网站外的孩子可能偶尔光顾不知名的网站，并在那里受害”完全通顺，语境排除不了，只能靠认识 flock 才能做对，等于“也说得通”。现改为“纷纷避开”：结构和字数与正确项一样（4/4），看上去合理；但后半句 fall victim to predators there 里的 there 就是指这些网站，孩子必须去了才会受害，“避开”可以明确排除。正确项仍在 index 1，与 zh“涌向”一致。,,
32,bar,"Kids barred from mainstream sites could flock to obscure ones, and fall victim to predators there.",禁止,v.,to stop sb from using or entering sth,What does “barred” most likely mean here?,被禁止使用,被允许使用,第 1 个：被禁止使用,原干扰项“常去酒吧的”放进 Kids barred from mainstream sites 根本讲不通，太荒诞，等于送分（草稿自己也说生硬）。现改为“被允许使用”：两项都是 5 个字、结构相同，学生要判断方向。整段讲的是禁令适得其反，后半句说孩子会转去不知名的网站，只有“被挡在主流网站外”才说得通，可以明确排除。也没用 bored（厌倦），因为它在局部语境里说得通。正确项仍在 index 0，与 zh“禁止”一致。,,
33,for fear of,"Children who evade the blocks may be less likely to tell adults if they find something horrid, for fear of being told off.",因为害怕,phr.,because sb is afraid that sth might happen,What does “for fear of” most likely mean here?,因为害怕,尽管害怕,第 1 个：因为害怕,,,
34,proponent,"Moreover, the proponents of bans ignore how they would deprive children of the benefits of social media.",支持者,n.,a person who supports an idea or plan,What does “proponents” most likely mean here?,反对者,支持者,第 2 个：支持者,,,
35,blessing,"They are a blessing to children who feel isolated: perhaps because of their location, their sexuality, or because their brains work differently from those of others.",幸事，好事,n.,sth good that sb is lucky to have,What does “blessing” most likely mean here?,一件好事,祝福的话,第 1 个：一件好事,,,
36,isolated,"They are a blessing to children who feel isolated: perhaps because of their location, their sexuality, or because their brains work differently from those of others.",孤独的，与外界隔绝的,adj.,"feeling alone, without much contact with others",What does “isolated” most likely mean here?,独立自主的,与外界隔绝的,第 2 个：与外界隔绝的,,,
37,broaden,"Social media can broaden young minds, giving children from all backgrounds a window onto fresh places and people.",开阔，拓宽,v.,to make sb's mind or experience wider,What does “broaden” most likely mean here?,开阔；拓宽,限制；束缚,第 1 个：开阔；拓宽,,,
38,misinformation,"Like it or not, social sites are now one of the main ways children obtain information (as well as misinformation) about current affairs.",虚假信息，错误消息,n.,false or wrong information,What does “misinformation” most likely mean here?,缺失的信息,虚假的信息,第 2 个：虚假的信息,,,
39,air,They sat through news bulletins aired before or after their favourite shows.,播出，播放,v.,to show or play sth on TV or radio,（已有，队友 2 校对过）,,,,,,
