序号,句子,打卡句,原文句子,第 1 步（原有，已校对）,第 2 步「拆开」（AI 起草）,第 3 步整句中文（AI 起草）,参考：原来第 3 步的简单英文（已校对）,复核时改过什么,GPT 核查：有没有问题,GPT 建议改成
1,S02,,"But one thing brings them together, whatever their politics: the idea that, because social media harm children and teenagers, they should be banned from using them.","谁：one thing
做了什么：brings them together","谁：one thing
做了什么：brings them together（提示：them 指观点不同的人们）
补充说明：whatever their politics（提示：不管政治立场如何）
补充说明：the idea（提示：one thing 指的就是这个想法）
为什么：because social media harm children and teenagers（提示：说的是原因）
补充说明：they should be banned from using them（提示：they=孩子，them=社交媒体）",但有一件事让人们团结了起来，无论他们的政治立场如何：那就是认为社交媒体伤害儿童和青少年，所以应该禁止孩子们使用社交媒体。,"People with different political views share one idea: social media harm children and teenagers, so children and teenagers should not be allowed to use social media.",中文：原译句里出现了两个「他们」：前一个指持不同政治立场的人，后一个指孩子。理解较弱的学生容易弄混，所以把「禁止他们使用」改成「禁止孩子们使用」，和 hint「they=孩子」一致。其余部分忠实于原句：原因和结论都保留了，与 l3.plain、释义和老师讲解也相符。,,
2,S04,,"A dozen countries, including Britain and Spain, are now toying with the idea; so are legislators in many American states.","谁：A dozen countries
做了什么：are now toying with the idea","谁：A dozen countries（提示：dozen：十几个）
做了什么：are now toying with the idea（提示：toying with：不太认真地考虑）
补充说明：including Britain and Spain（提示：比如英国和西班牙）
补充说明：so are legislators in many American states（提示：美国很多州议员也在考虑）",包括英国和西班牙在内的十几个国家，现在正在考虑这个想法，只是还不太认真；美国许多州的立法者也是如此。,"About twelve countries, including Britain and Spain, are now thinking about the idea, but not very seriously. People who make laws in many American states are doing the same.",,,
3,S05,,"More than 70% of Britons support kicking under-16s off such sites, as do two-thirds of Americans.","谁：More than 70% of Britons
做了什么：support kicking under-16s off such sites","谁：More than 70% of Britons（提示：超过七成的英国人）
做了什么：support kicking under-16s off such sites（提示：支持把16岁以下的赶出去）
补充说明：as do two-thirds of Americans（提示：三分之二美国人也支持）",超过70%的英国人支持把16岁以下的孩子从这类网站上赶走，三分之二的美国人也是如此。,Most Britons and Americans support banning under-16s from social media.,,,
4,S06,,"The problem is, bans will do more harm than good.","谁：The problem
做了什么：is, bans will do more harm than good","谁：The problem
做了什么：is
补充说明：bans will do more harm than good（提示：问题就是：禁令弊大于利）",问题在于，这些禁令会弊大于利。,The problem is that social media bans will hurt more than they help.,,,
5,S08,是,"Parents have been shaken by tragedies in which social media have played a role, of children being tricked into sharing explicit pictures of themselves, or taking their own lives after algorithms shovelled them content about self-harm.","谁：Parents
做了什么：have been shaken by tragedies","谁：Parents
做了什么：have been shaken by tragedies（提示：被一些悲剧深深震动）
补充说明：in which social media have played a role（提示：这些悲剧与社交媒体有关）
补充说明：of children being tricked into sharing explicit pictures of themselves（提示：悲剧一：孩子被骗发露骨照片）
补充说明：or taking their own lives（提示：悲剧二：孩子自杀）
什么时候·在哪里：after algorithms shovelled them content about self-harm（提示：算法大量推送自残内容之后）",父母们被一些悲剧深深震动，社交媒体在这些悲剧中起了作用：有的孩子被诱骗分享自己的露骨照片，有的孩子在算法向他们大量推送自残内容之后自杀了。,"Parents have been deeply shocked by terrible events linked to social media. Some children were tricked into sharing explicit pictures of themselves, and others took their own lives after algorithms sent them lots of content about self-harm.",,,
6,S09,,"Along with those shocking cases comes a second, more general worry: that social media might be damaging children as a group, making them reserved, lonely and anxious.","谁：a second, more general worry
做了什么：comes","谁：a second, more general worry（提示：它被放到了 comes 后面）
做了什么：comes（提示：随之而来）
补充说明：Along with those shocking cases（提示：伴随那些可怕的事件）
补充说明：social media might be damaging children as a group（提示：担忧的具体内容）
怎么样：making them reserved, lonely and anxious（提示：会让孩子变成什么样）",伴随那些令人震惊的个案而来的，是第二种、更普遍的担忧：社交媒体可能正在伤害整个儿童群体，让他们变得内向、孤独和焦虑。,"Besides those terrible events, people also worry that social media might harm children as a group and make them lonely, worried and less willing to talk.",中文：原译「从整体上伤害孩子」容易被理解成「全面地伤害孩子」，意思偏了。as a group 指孩子们作为一个群体（l3.plain 写的是 harm children as a group），所以改成「伤害整个儿童群体」。「可能」保留了 might，「个案」和「更普遍的担忧」形成对比，其余部分不变。,,
7,S10,是,Even parents who are confident they can keep their children from serious harm fret that their offspring are wasting hours scrolling through mindless memes.,"谁：parents
做了什么：fret that their offspring are wasting hours scrolling through mindless memes","谁：Even parents（提示：Even：连……也）
做了什么：fret（提示：fret：担心、焦虑不安）
对谁·对什么：their offspring are wasting hours（提示：担心的事；offspring 指孩子）
补充说明：who are confident they can keep their children from serious harm（提示：说明是哪些父母）
怎么样：scrolling through mindless memes（提示：怎么浪费时间的）",就连那些自信能保护孩子免受严重伤害的父母，也会焦虑不安，担心自家孩子把好几个小时浪费在刷无脑的网络表情包上。,Even parents who believe they can protect their children from serious harm worry that their children waste hours scrolling through silly internet memes.,,,
8,S12,,"Blanket bans appear to offer an easy answer — and politicians are only too happy to seize on a measure that, for once, pleases voters from all parties.","谁：Blanket bans
做了什么：appear to offer an easy answer","谁：Blanket bans
做了什么：appear to offer an easy answer
补充说明：politicians are only too happy to seize on a measure（提示：a measure 就是全面禁令）
补充说明：that, for once, pleases voters from all parties（提示：that 指这项措施，说它好在哪）",全面禁令看似提供了一个简单的解决办法——而政客们也非常乐意抓住这样一项措施：它难得一次能让各党派的选民都满意。,"Full bans seem like an easy solution, and politicians are very eager to use a plan that, for once, makes voters from all parties happy.",,,
9,S14,,The question of whether social media are causing mass harm is far from settled.,"谁：The question of whether social media are causing mass harm
做了什么：is far from settled","谁：The question
做了什么：is far from settled
补充说明：of whether social media are causing mass harm（提示：说明是什么问题）",社交媒体是否正在造成大规模的伤害，这个问题还远远没有定论。,We still do not know if social media are causing great harm to many people.,,,
10,S15,,Growing evidence suggests they are bad for at least some children.,"谁：Growing evidence
做了什么：suggests they are bad for at least some children","谁：Growing evidence
做了什么：suggests
对谁·对什么：they are bad for at least some children（提示：表明的内容；they 指社交媒体）",越来越多的证据表明，社交媒体至少对一部分孩子是有害的。,More and more evidence suggests that social media harm at least some children.,,,
11,S16,,But the claim that social media cause great damage to the mental health of young people as a whole has only limited evidence.,"谁：the claim that social media cause great damage to the mental health of young people as a whole
做了什么：has only limited evidence","谁：the claim
做了什么：has only limited evidence
补充说明：social media cause great damage to the mental health of young people（提示：这就是 claim 的具体内容）
补充说明：as a whole（提示：指年轻人整体，不是一部分人）",但是，说社交媒体对年轻人整体的心理健康造成了巨大伤害，这种说法只有有限的证据支持。,There is only limited evidence that social media seriously harm the mental health of young people as a group.,,,
12,S17,是,"And even if you wanted to ban social media as a precaution pending conclusive findings, such measures threaten to be counterproductive.","谁：such measures
做了什么：threaten to be counterproductive","谁：such measures（提示：指这种禁令）
做了什么：threaten to be counterproductive
补充说明：even if you wanted to ban social media（提示：先退一步：就算真想禁）
为什么：as a precaution（提示：为了预防，以防万一）
什么时候·在哪里：pending conclusive findings（提示：在确凿结论出来之前）",而且，就算你想在得出确凿结论之前，先把禁止社交媒体当作一种预防措施，这样的措施也可能适得其反。,"Even if we banned social media to protect children while waiting for clear findings, the bans could have the opposite effect.",,,
13,S18,,"One problem is that enforcing bans is hard; teenagers in Australia are finding ingenious ways to get round them, by scrunching up their faces to look older.","谁：One problem
做了什么：is that enforcing bans is hard","谁：One problem
做了什么：is that enforcing bans is hard（提示：问题就是：禁令很难执行）
补充说明：teenagers in Australia are finding ingenious ways to get round them（提示：举例说明；them 指禁令）
怎么样：by scrunching up their faces to look older（提示：说的是怎么绕过禁令）",问题之一是禁令很难执行：澳大利亚的青少年正在想方设法巧妙地绕过禁令，比如皱起脸，让自己看起来年纪更大。,"It is hard to enforce the bans. Australian teenagers are finding clever ways to get around the bans, such as scrunching up their faces to look older.",,,
14,S20,,"Australia has not banned young teenagers from messaging apps such as WhatsApp, or from multiplayer online games, because that would have seemed too draconian; scourges such as cyberbullying will doubtless continue on these.","谁：Australia
做了什么：has not banned young teenagers from messaging apps such as WhatsApp, or from multiplayer online games","谁：Australia
做了什么：has not banned
对谁·对什么：young teenagers（提示：没被禁的是谁）
补充说明：from messaging apps such as WhatsApp, or from multiplayer online games（提示：没禁的应用和游戏）
为什么：because that would have seemed too draconian（提示：that 指禁掉它们这件事）
补充说明：scourges such as cyberbullying will doubtless continue on these（提示：these 指这些应用和游戏）",澳大利亚没有禁止低龄青少年使用 WhatsApp 等聊天软件，也没有禁止他们玩多人在线游戏，因为那样做会显得过于严厉；而网络霸凌之类的祸害，毫无疑问还会在这些软件和游戏里继续存在。,"Australia has not banned young teenagers from using messaging apps like WhatsApp or playing multiplayer online games, because doing so would have seemed too harsh. Problems like cyberbullying will still happen on these apps and in these games.",中文：意思本来就准确（否定、because 的原因、doubtless 的“毫无疑问”、that 和 these 的指代都对），只改了一个字：“在这些软件和游戏上”改成“在这些软件和游戏里”，因为“在游戏上”不自然，“在……里”对软件和游戏都通顺。,,
15,S21,,"Kids barred from mainstream sites could flock to obscure ones, and fall victim to predators there.","谁：Kids barred from mainstream sites
做了什么：could flock to obscure ones, and fall victim to predators there","谁：Kids barred from mainstream sites（提示：被禁止使用主流网站的孩子）
做了什么：could flock to obscure ones（提示：ones 指的就是网站）
怎么样：fall victim to predators there（提示：后果：在那些网站被坏人伤害）",被禁止使用主流网站的孩子，可能会涌向一些不知名的网站，并在那里遭到坏人的伤害。,Children who are not allowed to visit popular sites might go to unknown sites and get harmed by bad people there.,"拆开：脚本检查通过（原文子串、标签、无重叠、无语法术语，只省略了“, and”）。只改了第三块的提示：fall victim to predators 是“被坏人伤害”，原提示“遇到坏人”说轻了，和 zh、l3.plain（get harmed）对不上，所以改成「后果：在那些网站被坏人伤害」。",,
16,S22,,"Children who evade the blocks may be less likely to tell adults if they find something horrid, for fear of being told off.","谁：Children who evade the blocks
做了什么：may be less likely to tell adults if they find something horrid, for fear of being told off","谁：Children who evade the blocks（提示：绕过封锁的孩子）
做了什么：may be less likely to tell（提示：可能更不愿意说出来）
对谁·对什么：adults
什么时候·在哪里：if they find something horrid（提示：说的是在什么情况下）
为什么：for fear of being told off（提示：说的是原因：怕挨骂）",绕过这些限制的孩子，如果看到了什么可怕的东西，可能更不愿意告诉大人，因为他们怕挨骂。,"Children who get around the restrictions may be less willing to tell adults if they see something frightening, because they are afraid of being scolded.",拆开：脚本发现顺序不对：原稿把“为什么”放在“什么时候·在哪里”前面，既不符合“其余各块按原句顺序”的规则（if... 在 for fear of... 前面），也和理由里说的老师顺序（谁→条件→做什么→为什么）不一致，所以把这两块对调了。另外，“做了什么”的原提示只讲了 may（可能），漏了 less likely（更不愿意），弱一点的学生可能误读成“可能会告诉”，所以改成「可能更不愿意说出来」。改完后脚本全部通过。,,
17,S23,,"Moreover, the proponents of bans ignore how they would deprive children of the benefits of social media.","谁：the proponents of bans
做了什么：ignore how they would deprive children of the benefits of social media","谁：the proponents of bans（提示：支持禁令的人）
做了什么：ignore（提示：忽视了后面这件事）
对谁·对什么：how they would deprive children of the benefits of social media（提示：they 指的就是禁令）",此外，支持禁令的人忽视了一点：禁令会让孩子失去社交媒体带来的好处。,People who support bans do not think about one thing: bans would take away the good things social media give children.,,,
18,S24,是,"They are a blessing to children who feel isolated: perhaps because of their location, their sexuality, or because their brains work differently from those of others.","谁：They
做了什么：are a blessing to children who feel isolated","谁：They（提示：指的是社交媒体）
做了什么：are a blessing（提示：是一件好事）
对谁·对什么：to children who feel isolated（提示：对感到孤独的孩子）
为什么：perhaps because of their location, their sexuality, or because their brains work differently from those of others（提示：孤独的原因；those 指大脑）",社交媒体对那些感到孤独的孩子来说是一件幸事。这些孩子之所以孤独，可能是因为他们住的地方、他们的性取向，或者因为他们的大脑运作方式和别人不一样。,"Social media are helpful to children who feel alone. These children may feel alone because of where they live, their sexuality, or because their brains work in a different way.",,,
19,S26,,"Like it or not, social sites are now one of the main ways children obtain information (as well as misinformation) about current affairs.","谁：social sites
做了什么：are now one of the main ways children obtain information (as well as misinformation) about current affairs","谁：social sites（提示：社交网站）
做了什么：are now one of the main ways（提示：如今是主要途径之一）
对谁·对什么：children obtain information (as well as misinformation) about current affairs（提示：孩子获取时事信息，真假都有）
补充说明：Like it or not（提示：不管你喜不喜欢）",不管你喜不喜欢，社交网站如今已是孩子获取时事信息（也包括虚假信息）的主要途径之一。,"Whether we like it or not, social sites are now one of the main ways children get information about current events. Children also get false information there.",,,
20,S27,,It used to be easy for youngsters to pick up their parents’ printed newspapers.,"谁：It
做了什么：used to be easy for youngsters to pick up their parents’ printed newspapers","谁：It（提示：指后面拿报纸看这件事）
做了什么：used to be easy（提示：过去很容易）
对谁·对什么：for youngsters（提示：对年轻人来说）
补充说明：to pick up their parents’ printed newspapers（提示：It 指的就是这件事）",过去，年轻人很容易就能拿起父母的纸质报纸来看。,"In the past, it was easy for young people to read their parents’ paper newspapers.",,,
21,S28,,They sat through news bulletins aired before or after their favourite shows.,"谁：They
做了什么：sat through news bulletins aired before or after their favourite shows","谁：They（提示：指上一句的年轻人）
做了什么：sat through（提示：耐着性子看完）
对谁·对什么：news bulletins（提示：新闻简报）
什么时候·在哪里：aired before or after their favourite shows（提示：这些新闻在节目前后播出）",那时候，年轻人会耐着性子看完在他们最爱的节目前后播出的新闻简报。,"In the past, young people watched the news that was shown before or after their favourite TV shows.",中文：意思本来是对的（They=年轻人，sat through=耐着性子看完，aired=播出，“那时候”与 l3 的 In the past 一致），但原译在“耐着性子”和“看完”之间加了逗号，把一个连贯动作硬拆开，读起来别扭。已去掉逗号，其余不变。,,
